os,cpu,gpu,ram,kernel,driver,cpuscheduler
Armada 20260926.c2fd048,,Turnip Adreno (TM) 740,7672616,7.2.6,,conservative
fps,frametime,cpu_load,cpu_power,gpu_load,cpu_temp,gpu_temp,gpu_core_clock,gpu_mem_clock,gpu_vram_used,gpu_power,ram_used,swap_used,process_rss,cpu_mhz,elapsed
59.2317,16.8829,45.4988,0,0,63,57,220,0,0,0,5.18796,2.37013,0,2092,1003570625
74.3279,13.4539,41.9118,0,2,64,57,220,0,0,0,5.35014,2.37012,0,2092,2003765208
91.1521,10.9707,51.8248,0,1,63,57,220,0,0,0,5.64292,2.37009,0,2054,3003881353
57.2048,17.481,51.9608,0,35,65,59,475,0,0,0,5.71242,2.37008,0,2092,4003997707
51.9649,19.2437,60.7143,0,3,65,58,220,0,0,0,6.35941,2.37361,0,2092,5005422186
49.9961,20.0016,45.7831,0,85,66,67,680,0,0,0,6.16489,2.3735,0,2092,6005551248
104.066,9.60932,54.4643,0,71,67,63,220,0,0,0,6.64278,2.50618,0,2092,7005697654
61.8744,16.1618,50.6083,0,34,66,61,295,0,0,0,5.72328,2.50525,0,2092,8005841143
56.7629,17.6171,60.0973,0,28,66,60,475,0,0,0,5.87114,2.50367,0,2092,9005988747
10.1917,98.1189,90.5109,0,38,68,61,348,0,0,0,6.89243,2.50616,0,2092,10006134736
51.2173,19.5246,41.3462,0,39,65,61,295,0,0,0,6.84303,2.50574,0,2092,11006339163
53.7368,18.6092,40.4819,0,38,65,61,295,0,0,0,6.83055,2.50544,0,2054,12006469006
54.2414,18.4361,44.226,0,38,65,60,295,0,0,0,6.81829,2.50538,0,2092,13006611245
65.9404,15.1652,31.7308,0,39,64,61,295,0,0,0,6.82582,2.50531,0,2054,14006761922
54.828,18.2389,41.791,0,39,64,59,295,0,0,0,6.82396,2.50489,0,2054,15006898067
72.426,13.8072,43.1034,0,39,65,59,295,0,0,0,6.81367,2.50489,0,2092,16007040411
64.6929,15.4577,34.0741,0,39,64,59,295,0,0,0,6.82167,2.50485,0,2092,17007190254
58.5702,17.0735,42.6506,0,40,65,60,295,0,0,0,6.81106,2.50482,0,2092,18007316556
95.0608,10.5196,57.8454,0,40,66,59,295,0,0,0,6.90388,2.50473,0,2092,19007478534
82.1116,12.1785,87.5912,0,36,72,61,295,0,0,0,7.01872,2.66451,0,2092,20007635045
66.5228,15.0324,97.5369,0,38,74,62,348,0,0,0,6.74586,2.99689,0,2092,21007849159
50.7194,19.7163,97.1084,0,41,74,63,680,0,0,0,6.84204,2.99641,0,2092,22008070565
55.454,18.033,67.9612,0,39,72,63,348,0,0,0,6.8788,2.99641,0,2092,23008953116
60.7318,16.4658,74.321,0,41,70,63,295,0,0,0,6.84113,3.00402,0,2092,24009148585
56.6013,17.6674,31.9001,0,0,66,59,220,0,0,0,5.75907,3.00608,0,2092,25009344626
67.3757,14.8421,51.1057,0,40,66,60,295,0,0,0,5.62361,3.00479,0,2092,26009522178
11.8059,84.7032,61.8227,0,40,66,61,295,0,0,0,5.70121,3.00249,0,2054,27009700146
32.6181,30.6578,43.3566,0,97,67,65,680,0,0,0,5.81897,3.00153,0,2054,28009879677
32.7661,30.5194,36.2353,0,100,65,67,680,0,0,0,5.82759,3.00151,0,1651,29010081499
32.6626,30.616,35.3774,0,97,67,66,680,0,0,0,5.83621,3.00151,0,2054,30010321864
18.1054,55.232,28.5036,0,98,65,67,680,0,0,0,5.85127,3.00127,0,1920,31010495613
17.7955,56.1939,34.4519,0,99,66,67,680,0,0,0,5.85736,3.00076,0,1651,32010692748
12.7022,78.7262,32.6034,0,97,68,68,680,0,0,0,5.86786,3.00058,0,2092,33010909987
12.8621,77.7479,23.2143,0,99,67,69,680,0,0,0,5.85128,3.00057,0,1555,34011105977
12.6257,79.2038,32.4503,0,100,67,69,680,0,0,0,5.85592,3.00056,0,2092,35011258008
12.8365,77.9028,25.7271,0,98,67,69,680,0,0,0,5.84621,3.00055,0,1459,36011403007
12.9207,77.3952,32.2222,0,100,68,70,680,0,0,0,5.85218,3.00055,0,2092,37011558684
12.8928,77.5626,28.0624,0,93,67,70,680,0,0,0,5.85112,3.00051,0,1555,38011706131
12.9315,77.3306,28.3186,0,96,67,70,680,0,0,0,5.84456,3.00046,0,1344,39011855037
12.7447,78.4641,36.7257,0,96,68,70,680,0,0,0,5.83748,3.00044,0,1843,40012030558
12.7961,78.1489,25,0,93,68,70,680,0,0,0,5.83296,3.00041,0,1459,41012192953
12.6337,79.1536,32.6577,0,100,68,71,680,0,0,0,5.82389,3.00041,0,2092,42012364672
12.7716,78.2989,25.9912,0,99,68,71,680,0,0,0,5.82141,3.00035,0,1459,43012549463
12.7834,78.2266,31.6372,0,100,68,72,680,0,0,0,5.80175,2.99997,0,1555,44012760817
12.6592,78.9938,32.8889,0,100,69,71,680,0,0,0,5.80588,2.99995,0,2092,45012966754
12.6698,78.9277,31.4159,0,100,68,72,680,0,0,0,5.80541,2.99966,0,2092,46013170868
12.8188,78.0107,26.2806,0,93,68,71,680,0,0,0,5.80342,2.9996,0,1401,47013383420
12.7869,78.2047,33.1868,0,100,69,72,680,0,0,0,5.84837,2.99851,0,2092,48013567221
12.7426,78.4766,24.5033,0,99,68,71,680,0,0,0,5.84742,2.99705,0,1228,49013764356
12.8195,78.0059,33.853,0,100,70,72,680,0,0,0,5.84128,2.99698,0,2092,50013985710
12.8082,78.0749,31.9911,0,99,70,72,680,0,0,0,5.84784,2.99692,0,1593,51014184460
12.986,77.0062,26.1161,0,100,69,72,680,0,0,0,5.84784,2.99686,0,1555,52014368157
12.7491,78.4371,33.7748,0,93,70,71,680,0,0,0,5.84191,2.99683,0,2092,53014547480
12.8506,77.8172,24.6154,0,100,68,72,680,0,0,0,5.84753,2.99672,0,1344,54014743677
12.7311,78.5476,30.8889,0,97,69,72,680,0,0,0,5.85476,2.99658,0,2054,55014975292
12.8128,78.0467,32.7354,0,100,70,72,680,0,0,0,5.84575,2.99583,0,2092,56015181906
12.7275,78.5703,28.9823,0,100,70,73,680,0,0,0,5.85844,2.99582,0,1843,57015373260
12.7004,78.7377,26.4901,0,94,68,72,680,0,0,0,5.85765,2.9958,0,1555,58015563259
12.1898,82.0357,26.6075,0,100,68,72,680,0,0,0,5.84628,2.9958,0,1920,59015772478
12.7811,78.2404,30.1762,0,100,68,73,680,0,0,0,5.85258,2.9948,0,1286,60015969144
12.8496,77.8234,31.5556,0,100,70,73,680,0,0,0,5.8251,2.99242,0,2092,61016179143
12.6077,79.3165,30.3097,0,100,71,73,680,0,0,0,5.81952,2.99241,0,1977,62016374560
12.7695,78.3117,22.2707,0,93,69,72,680,0,0,0,5.81324,2.9924,0,1056,63016571486
12.9475,77.2347,31.2639,0,97,70,72,680,0,0,0,5.81796,2.99186,0,1977,64016778726
12.6316,79.1663,24.9453,0,93,69,73,680,0,0,0,5.81812,2.99186,0,1344,65016979090
12.7288,78.5622,30.4444,0,96,70,72,680,0,0,0,5.81745,2.99147,0,1459,66017190496
12.7642,78.3443,35.3201,0,93,71,73,680,0,0,0,5.82482,2.99147,0,2092,67017382110
12.8759,77.6647,23.1111,0,97,69,72,680,0,0,0,5.82164,2.99124,0,1555,68017576537
12.8019,78.1133,28.9183,0,99,70,72,680,0,0,0,5.81973,2.99123,0,1651,69017775130
12.6801,78.8635,24.7788,0,93,70,73,680,0,0,0,5.81996,2.99122,0,1555,70018017682
12.7438,78.4693,26.6075,0,95,70,72,680,0,0,0,5.81651,2.99101,0,1286,71018251744
12.7431,78.4735,34.7439,0,93,70,73,680,0,0,0,5.82435,2.991,0,2092,72018504764
12.6808,78.8595,23.5033,0,96,70,73,680,0,0,0,5.8288,2.99068,0,1113,73018714764
12.7408,78.4878,31.4159,0,97,70,73,680,0,0,0,5.81392,2.99023,0,1593,74018957316
12.7718,78.2977,33.7029,0,100,70,73,680,0,0,0,5.81979,2.99021,0,2092,75019109034
12.6346,79.1477,31.2775,0,97,71,73,680,0,0,0,5.81412,2.99018,0,1651,76019260804
12.6947,78.773,33.9246,0,99,71,73,680,0,0,0,5.80992,2.99018,0,2092,77019416273
12.733,78.536,29.49,0,97,70,73,680,0,0,0,5.82108,2.99017,0,1555,78019579449
12.7855,78.2135,25.6125,0,100,70,74,680,0,0,0,5.82107,2.99016,0,1228,79019745855
12.4394,80.39,32.6622,0,100,71,73,680,0,0,0,5.81106,2.99015,0,2092,80019944292
12.6947,78.7732,27.5168,0,100,70,74,680,0,0,0,5.81009,2.99014,0,1555,81020117105
12.5745,79.5262,32.3725,0,100,71,73,680,0,0,0,5.80494,2.99013,0,2092,82020309448
12.6714,78.9178,27.9121,0,100,70,74,680,0,0,0,5.8071,2.99013,0,1536,83020497416
12.6497,79.0535,24.7216,0,100,70,74,680,0,0,0,5.81264,2.99,0,1401,84020727728
12.7282,78.5658,31.5556,0,100,72,74,680,0,0,0,5.81686,2.98964,0,2092,85020931843
12.6184,79.2493,27.1715,0,94,70,73,680,0,0,0,5.80434,2.98964,0,1536,86021120488
12.6446,79.085,31.6258,0,100,72,74,680,0,0,0,5.80578,2.98951,0,2092,87021317727
12.4064,80.6037,29.2035,0,93,70,74,680,0,0,0,5.79959,2.98951,0,1977,88021519289
13.1873,75.8303,25.5034,0,100,70,74,680,0,0,0,5.79253,2.98949,0,1344,89021671372
12.3264,81.1265,33.9286,0,94,71,74,680,0,0,0,5.80018,2.98949,0,2092,90021839601
12.752,78.4192,27.6549,0,94,71,73,680,0,0,0,5.80891,2.98919,0,1920,91022000174
12.7448,78.4631,32.3009,0,100,71,74,680,0,0,0,5.80991,2.98918,0,1785,92022202934
12.7201,78.6158,34.3115,0,93,72,74,680,0,0,0,5.82101,2.98917,0,2092,93022451006
12.7569,78.3892,25.7709,0,97,70,74,680,0,0,0,5.81518,2.98904,0,1536,94022603558
12.5904,79.4257,29.8441,0,93,70,74,680,0,0,0,5.80162,2.98903,0,1344,95022893245
12.6575,79.0043,34.8786,0,97,72,74,680,0,0,0,5.79639,2.98903,0,2092,96023045276
12.7018,78.729,30,0,99,70,74,680,0,0,0,5.80119,2.98902,0,2092,97023187619
12.6772,78.8816,37.2768,0,93,72,74,680,0,0,0,5.79729,2.989,0,2092,98023339442
12.8796,77.6419,32.1586,0,97,72,74,680,0,0,0,5.79744,2.98899,0,1977,99023507827
12.6617,78.9784,25,0,99,70,74,680,0,0,0,5.81027,2.98899,0,1555,100023655118
12.7256,78.5818,32.8829,0,97,72,74,680,0,0,0,5.80351,2.98897,0,2092,101023823659
12.854,77.7969,30.6667,0,99,72,74,680,0,0,0,5.80151,2.98895,0,2092,102023981159
12.6374,79.1301,24.0535,0,100,71,74,680,0,0,0,5.79982,2.98894,0,1459,103024156784
12.7223,78.6022,35.0993,0,97,73,74,680,0,0,0,5.79584,2.98849,0,2054,104024297356
12.6544,79.0237,27.5168,0,100,70,75,680,0,0,0,5.80271,2.98849,0,1286,105024439179
12.6432,79.094,25.7709,0,100,71,75,680,0,0,0,5.79531,2.988,0,1459,106024594647
12.7091,78.684,32.7473,0,100,72,74,680,0,0,0,5.79765,2.98785,0,2092,107024737147
12.743,78.4747,29.7357,0,94,72,74,680,0,0,0,5.80728,2.98785,0,1593,108024884698
12.5484,79.6915,33.6264,0,100,72,74,680,0,0,0,5.80417,2.98761,0,1843,109025025479
12.7348,78.5252,32.8918,0,94,72,74,680,0,0,0,5.81559,2.98761,0,1708,110025183916
12.6807,78.8598,25.6071,0,95,70,74,680,0,0,0,5.81575,2.98721,0,1555,111025329593
12.7544,78.4042,33.7004,0,94,72,74,680,0,0,0,5.81489,2.98718,0,2092,112025499801
12.4015,80.6352,31.5673,0,97,72,74,680,0,0,0,5.81404,2.98718,0,2092,113025655530
12.6898,78.8036,30.3371,0,100,72,75,680,0,0,0,5.81745,2.98691,0,1478,114025812248
12.8336,77.9203,34.3049,0,94,72,74,680,0,0,0,5.8268,2.9869,0,2092,115025979175
12.7721,78.2958,26.7699,0,97,71,74,680,0,0,0,5.81078,2.9869,0,1920,116026140685
12.7333,78.5341,26.7261,0,100,72,74,680,0,0,0,5.80732,2.9869,0,1459,117026304226
12.7543,78.4047,31.8284,0,100,72,74,680,0,0,0,5.80521,2.9869,0,2092,118026460372
12.8771,77.6572,28.0624,0,100,72,75,680,0,0,0,5.81351,2.98689,0,1843,119026605892
13.0058,76.8886,31.9728,0,96,72,75,680,0,0,0,5.79967,2.98689,0,2092,120026758131
